{"gw": [0.58293671875, 0.500190625, 0.170875, "gw"], "gu": [0.14146267361111112, 0.1819162326388889, 0.45154658564814815, "gu"], "gt": [0.5082384672619048, 0.7133587549603174, 0.8552535962301587, "gt"], "gs": [0.210328125, 0.23754140625, 0.48448515625, "gs"], "gr": [0.46076317630597013, 0.6400320662313432, 0.819130713619403, "gr"], "gq": [0.6026166044776119, 0.534736473880597, 0.38245569029850746, "gq"], "gp": [0.6420808069029851, 0.43096256996268656, 0.5996181203358208, "gp"], "gy": [0.4041705729166667, 0.5399837239583334, 0.265623046875, "gy"], "gg": [0.9680515391791045, 0.7154133628731343, 0.682568796641791, "gg"], "gf": [0.5160885027985075, 0.6871892490671642, 0.11060517723880597, "gf"], "ge": [0.99609375, 0.640292677238806, 0.640292677238806, "ge"], "gd": [0.6284895833333334, 0.42156901041666667, 0.191998046875, "gd"], "gb": [0.64301953125, 0.409959375, 0.54228984375, "gb"], "ga": [0.4036458333333333, 0.6302083333333334, 0.4088541666666667, "ga"], "gn": [0.5957066231343283, 0.4881943796641791, 0.2032625932835821, "gn"], "gm": [0.46212744869402983, 0.3138368703358209, 0.3326696595149254, "gm"], "gl": [0.9045341651119403, 0.5226778218283582, 0.5986438899253731, "gl"], "gi": [0.89465, 0.55006328125, 0.56425625, "gi"], "gh": [0.5683447994402985, 0.4128136660447761, 0.15837045242537312, "gh"], "lb": [0.8924317863805971, 0.5267613106343284, 0.5196070429104478, "lb"], "lc": [0.44330703125, 0.7753046875, 0.89674140625, "lc"], "la": [0.48695254197761195, 0.18068388526119403, 0.325595848880597, "la"], "tv": [0.45058984375, 0.55262734375, 0.62885390625, "tv"], "tw": [0.7778538945895522, 0.032450443097014926, 0.1582048740671642, "tw"], "tt": [0.660111328125, 0.14758333333333334, 0.20453125, "tt"], "tr": [0.8932404384328358, 0.09667094216417911, 0.14434526585820895, "tr"], "lk": [0.7102453125, 0.41465390625, 0.083834375, "lk"], "li": [0.42514908854166666, 0.1301171875, 0.30884440104166666, "li"], "lv": [0.69296875, 0.34921875, 0.37734375, "lv"], "to": [0.79489375, 0.168575, 0.168575, "to"], "lt": [0.5807291666666666, 0.4296875, 0.171875, "lt"], "lu": [0.640625, 0.5950520833333334, 0.6953125, "lu"], "lr": [0.7786210200471698, 0.4511984080188679, 0.5472840507075472, "lr"], "ls": [0.3639243236940298, 0.5780404617537314, 0.6287412546641791, "ls"], "th": [0.6887243470149254, 0.4048507462686567, 0.48000233208955223, "th"], "tf": [0.15672049906716418, 0.2307969916044776, 0.6076953125, "tf"], "tg": [0.509339087701613, 0.48631111391129034, 0.20336063508064517, "tg"], "td": [0.5897014925373134, 0.32926247667910447, 0.19240380130597015, "td"], "tc": [0.2147015625, 0.24448203125, 0.48277265625, "tc"], "ly": [0.27163125, 0.16619140625, 0.09875, "ly"], "do": [0.5770714785447761, 0.38251865671641794, 0.4813712686567164, "do"], "dm": [0.23823671875, 0.44199453125, 0.27273515625, "dm"], "dj": [0.45691756063432837, 0.7615910680970149, 0.6557480177238806, "dj"], "dk": [0.8257144325657895, 0.26951737253289476, 0.37711091694078946, "dk"], "um": [0.7308424233490566, 0.4930284492924528, 0.5589762676886793, "um"], "de": [0.6197916666666666, 0.2682291666666667, 0.0, "de"], "vc": [0.4367822994402985, 0.6628597248134328, 0.34580223880597016, "vc"], "dz": [0.5283313899253731, 0.6589377332089552, 0.5830398787313433, "dz"], "uy": [0.6236205690298507, 0.6967618936567164, 0.8297551305970149, "uy"], "yt": [0.6420808069029851, 0.43096256996268656, 0.5996181203358208, "yt"], "vu": [0.358669921875, 0.28476953125, 0.1525, "vu"], "qa": [0.6993509615384615, 0.4025891426282051, 0.4910957532051282, "qa"], "tm": [0.25008978544776117, 0.6250309001865672, 0.3838817630597015, "tm"], "eh": [0.3646453125, 0.3809390625, 0.31730859375, "eh"], "wf": [0.8841884328358209, 0.24031075093283583, 0.3167997901119403, "wf"], "ee": [0.429188232421875, 0.52364501953125, 0.61681884765625, "ee"], "eg": [0.5931454057835821, 0.3453568097014925, 0.3628923740671642, "eg"], "za": [0.35702716884328356, 0.3831279151119403, 0.38324160447761196, "za"], "ec": [0.7350501399253732, 0.5276002798507463, 0.19383920242537314, "ec"], "sj": [0.7547270976027397, 0.31587061215753426, 0.3715887200342466, "sj"], "us": [0.7308424233490566, 0.4930284492924528, 0.5589762676886793, "us"], "et": [0.520771875, 0.44064609375, 0.1967671875, "et"], "zw": [0.63606328125, 0.5200015625, 0.144, "zw"], "es": [0.8642642257462687, 0.38172807835820893, 0.07302122201492538, "es"], "er": [0.543, 0.3568375, 0.36118359375, "er"], "ru": [0.6105352145522388, 0.46072994402985074, 0.5848868936567164, "ru"], "rw": [0.28907357742537315, 0.6138800139925373, 0.47881413246268656, "rw"], "rs": [0.6667951259328359, 0.5191283815298507, 0.5678113339552239, "rs"], "re": [0.6420808069029851, 0.43096256996268656, 0.5996181203358208, "re"], "it": [0.6019420475746269, 0.5781809701492537, 0.49538654384328357, "it"], "ro": [0.597997901119403, 0.3508156483208955, 0.24279909048507461, "ro"], "tk": [0.28156640625, 0.33366640625, 0.35688828125, "tk"], "tz": [0.15196420242537315, 0.4887937266791045, 0.32881529850746266, "tz"], "bd": [0.199154296875, 0.361833984375, 0.29407877604166666, "bd"], "be": [0.6352855603448276, 0.3451620869252874, 0.16042519755747126, "be"], "bf": [0.474463036380597, 0.40298565764925376, 0.22777402052238807, "bf"], "bg": [0.6106770833333334, 0.5768229166666666, 0.4986979166666667, "bg"], "vg": [0.213125, 0.25769921875, 0.47776484375, "vg"], "ba": [0.289484375, 0.3364953125, 0.453665625, "ba"], "bb": [0.2924381996268657, 0.3274242070895522, 0.3749743470149254, "bb"], "bl": [0.8955806902985075, 0.8662051072761194, 0.8375419776119403, "bl"], "bm": [0.73778046875, 0.21752734375, 0.2985484375, "bm"], "bn": [0.7904046875, 0.69926015625, 0.27385546875, "bn"], "bo": [0.5952338005514706, 0.4897564338235294, 0.11569163602941177, "bo"], "bh": [0.8665787760416667, 0.36700846354166666, 0.42251953125, "bh"], "bi": [0.6327408854166666, 0.6082877604166667, 0.46744921875, "bi"], "bj": [0.5685010494402986, 0.47383162313432836, 0.20489505597014926, "bj"], "bt": [0.9843190298507463, 0.6279040345149254, 0.21896921641791045, "bt"], "jm": [0.336121875, 0.476790625, 0.074875, "jm"], "bv": [0.7547270976027397, 0.31587061215753426, 0.3715887200342466, "bv"], "bw": [0.4260331156716418, 0.5814703824626866, 0.7253078358208955, "bw"], "ws": [0.61322890625, 0.0998734375, 0.24023203125, "ws"], "bq": [0.5992024253731343, 0.45874766791044774, 0.5650314832089552, "bq"], "br": [0.18808872767857143, 0.6024263392857143, 0.22404854910714286, "br"], "bs": [0.20805390625, 0.56752734375, 0.50283828125, "bs"], "je": [0.9619192708333333, 0.7532916666666667, 0.7712486979166666, "je"], "by": [0.64688203125, 0.36953046875, 0.31115859375, "by"], "bz": [0.3605352145522388, 0.39791744402985074, 0.5248845615671642, "bz"], "tn": [0.9109952192164179, 0.09193213619402985, 0.1592461520522388, "tn"], "om": [0.6788734375, 0.43043359375, 0.3149734375, "om"], "zm": [0.22776935634328357, 0.4595563199626866, 0.004757462686567164, "zm"], "ua": [0.49679337686567165, 0.5931086753731343, 0.36613805970149255, "ua"], "jo": [0.395715625, 0.34636015625, 0.3004046875, "jo"], "mz": [0.4823670708955224, 0.4358605410447761, 0.2008751166044776, "mz"], "ck": [0.2135296875, 0.25331328125, 0.52870625, "ck"], "xk": [0.22565801056338028, 0.3390206866197183, 0.6163913952464789, "xk"], "ci": [0.6520271688432836, 0.7032637593283582, 0.45759794776119406, "ci"], "ch": [0.86471875, 0.3328828125, 0.292246875, "ch"], "co": [0.6938736007462687, 0.4773006063432836, 0.22325909514925374, "co"], "cn": [0.8703206623134329, 0.17764925373134327, 0.06089668843283582, "cn"], "cm": [0.6004355177238806, 0.46321420242537314, 0.1991581156716418, "cm"], "cl": [0.7603055037313433, 0.4608290578358209, 0.5008389692164179, "cl"], "cc": [0.0985921875, 0.5359734375, 0.0, "cc"], "ca": [0.99609375, 0.361246875, 0.361246875, "ca"], "cg": [0.6130427938432835, 0.5308727845149254, 0.2242362406716418, "cg"], "cf": [0.595859375, 0.5546356110074627, 0.37296875, "cf"], "cd": [0.2861619791666667, 0.4534546875, 0.7055270833333334, "cd"],