{"CPA": [0.009323881172839506, 0.06793113425925926, 0.06726514274691359, "CPA"], "OAL": [0.8746985918209876, 0.8872429591049382, 0.8654890046296296, "OAL"], "FJI": [0.10469376929012346, 0.08477382330246913, 0.06624662422839506, "FJI"], "SIA": [0.9928954475308642, 0.9110426311728395, 0.7701967592592592, "SIA"], "PAC": [0.0, 0.13091242283950616, 0.25952064043209877, "PAC"], "CCA": [0.922605613425926, 0.6937360146604938, 0.7025236304012346, "CCA"], "EGF": [0.8056274112654321, 0.7385609567901235, 0.7805029899691358, "EGF"], "FWR": [0.901577449845679, 0.9400872878086419, 0.9607310956790124, "FWR"], "ROU": [0.8229967206790123, 0.5090027006172839, 0.6018344907407407, "ROU"], "TAP": [0.8698548418209876, 0.7678028549382716, 0.6522178819444444, "TAP"], "RVF": [0.0585132137345679, 0.018309220679012347, 0.024070216049382715, "RVF"], "PIA": [0.7709712577160494, 0.8266767939814815, 0.8080410879629629, "PIA"], "SAA": [0.829702449845679, 0.8182590663580247, 0.8090224729938271, "SAA"], "BWA": [0.8989342206790123, 0.8952681327160494, 0.9165518904320987, "BWA"], "UAL": [0.552313850308642, 0.7121629050925926, 0.8478602430555555, "UAL"], "SAS": [0.24359037422839505, 0.3713228202160494, 0.6854774305555555, "SAS"], "TAM": [0.9317703510802469, 0.83015625, 0.8313450038580247, "TAM"], "AWE": [0.9089583333333333, 0.9164057677469136, 0.920288387345679, "AWE"], "UAE": [0.9071325231481482, 0.30244454089506173, 0.3660816936728395, "UAE"], "TAI": [0.8976726466049383, 0.2046440972222222, 0.2231785300925926, "TAI"], "SCX": [0.9577536651234568, 0.8780381944444444, 0.8199869791666666, "SCX"], "HAL": [0.22608506944444445, 0.08371865354938271, 0.20559944058641974, "HAL"], "THY": [0.9206785300925926, 0.6109563078703704, 0.5940248842592593, "THY"], "CHH": [0.8035898919753086, 0.3811988811728395, 0.16207706404320987, "CHH"], "JAT": [0.8874826388888889, 0.8608299575617284, 0.9066083140432099, "JAT"], "MAS": [0.7699686535493827, 0.6274054783950618, 0.7303370949074074, "MAS"], "SVA": [0.20487172067901235, 0.34795235339506175, 0.46530189043209874, "SVA"], "JAL": [0.9522733410493828, 0.5470683834876543, 0.5803911072530864, "JAL"], "GIA": [0.8621440972222222, 0.8851157407407407, 0.9012225115740741, "GIA"], "FIN": [0.15411265432098764, 0.45960503472222225, 0.7023924575617284, "FIN"], "THA": [0.43993586033950616, 0.2494608410493827, 0.2823480902777778, "THA"], "LAL": [0.6962856867283951, 0.8573615933641975, 0.9293074845679012, "LAL"], "LAN": [0.9563657407407408, 0.9503264853395061, 0.9579591049382716, "LAN"], "FFT": [0.9098842592592593, 0.9428197337962962, 0.9307228973765432, "FFT"], "KAL": [0.6683569637345679, 0.5232195216049382, 0.6311014660493827, "KAL"], "VIR": [0.9221006944444444, 0.7811882716049383, 0.8253949652777778, "VIR"], "CXA": [0.03673177083333334, 0.09212094907407407, 0.11485966435185185, "CXA"], "NGE": [0.8355989583333333, 0.8275684799382717, 0.8978467399691358, "NGE"], "SKW": [0.9239853395061728, 0.917746913580247, 0.935396412037037, "SKW"], "SKV": [0.9755415702160494, 0.6738560956790124, 0.7012837577160493, "SKV"], "MSR": [0.6599667245370371, 0.7099146412037037, 0.7824397183641976, "MSR"], "EVA": [0.07787471064814815, 0.19040123456790123, 0.0922632137345679, "EVA"], "RYR": [0.15088059413580246, 0.2343624614197531, 0.3184620949074074, "RYR"], "BEE": [0.6704523533950617, 0.7107002314814815, 0.752496624228395, "BEE"], "BER": [0.9273341049382716, 0.6020119598765432, 0.6701335841049383, "BER"], "FDX": [0.9217452739197531, 0.9027334104938272, 0.9359032600308642, "FDX"], "FLG": [0.9743441358024691, 0.9500178433641975, 0.9569733796296296, "FLG"], "CMP": [0.6221344521604938, 0.7629359567901235, 0.8701437114197531, "CMP"], "CAL": [0.8980054012345678, 0.7010011574074074, 0.7518282214506172, "CAL"], "LDA": [0.9136844135802469, 0.3719391396604938, 0.3615465856481481, "LDA"], "BMA": [0.5902112268518519, 0.6971571180555556, 0.8494690393518518, "BMA"], "PAL": [0.8139708719135802, 0.6962581983024692, 0.7350950038580247, "PAL"], "AMC": [0.8308463541666666, 0.5652671682098765, 0.6100009645061728, "AMC"], "BOE": [0.9469420331790124, 0.9504865933641975, 0.9550443672839506, "BOE"], "GEC": [0.7758039158950617, 0.6071865354938272, 0.07513261959876544, "GEC"], "AMX": [0.6044015239197531, 0.6812191358024692, 0.7564486882716049, "AMX"], "CES": [0.2604663387345679, 0.06035059799382716, 0.10255160108024691, "CES"], "NWA": [0.8938826195987655, 0.8871021412037037, 0.8885590277777777, "NWA"], "JMC": [0.6203689236111111, 0.766964699074074, 0.2894092399691358, "JMC"], "NMB": [0.5292799961419753, 0.6322309027777778, 0.5049170524691358, "NMB"], "AMU": [0.4741435185185185, 0.3648413387345679, 0.5124416473765432, "AMU"], "AMT": [0.9586559606481482, 0.9348750964506173, 0.874134837962963, "AMT"], "AFL": [0.8800303819444445, 0.9122391010802469, 0.9433998842592592, "AFL"], "CSN": [0.17256944444444444, 0.22189573688271605, 0.32451581790123457, "CSN"], "CSA": [0.965556037808642, 0.5078390239197531, 0.5652256944444445, "CSA"], "DLH": [0.7758039158950617, 0.6071865354938272, 0.07513261959876544, "DLH"], "EWG": [0.8191121720679012, 0.8154552469135803, 0.8571050347222222, "EWG"], "CSC": [0.4121190200617284, 0.11134982638888889, 0.13432195216049383, "CSC"], "CSZ": [0.31320457175925925, 0.08049479166666666, 0.09546923225308641, "CSZ"], "ENY": [0.01713011188271605, 0.005875289351851852, 0.04026765046296296, "ENY"], "TRS": [0.8655140817901235, 0.8732233796296296, 0.9066218171296296, "TRS"], "BLC": [0.9317703510802469, 0.83015625, 0.8313450038580247, "BLC"], "MPG": [0.8898842592592593, 0.6953554205246913, 0.7199946952160494, "MPG"], "ANA": [0.8785175540123457, 0.9124455054012346, 0.9443909143518519, "ANA"], "HTL": [0.5994082754629629, 0.7088744212962963, 0.7981828703703704, "HTL"], "VOI": [0.15542100694444444, 0.15222752700617284, 0.16576437114197531, "VOI"], "MPH": [0.7301335841049382, 0.3520109953703704, 0.40287471064814817, "MPH"], "MGL": [0.49145351080246913, 0.5615813078703704, 0.7167973572530865, "MGL"], "BTA": [0.9407605131172839, 0.9438324652777778, 0.949551986882716, "BTA"], "AVA": [0.9876538387345679, 0.9399575617283951, 0.9360252700617284, "AVA"], "ANZ": [0.6617153742283951, 0.7442679398148148, 0.7587726658950618, "ANZ"], "MXA": [0.7533781828703704, 0.8804239004629629, 0.9241353202160494, "MXA"], "ACA": [0.9755415702160494, 0.6738560956790124, 0.7012837577160493, "ACA"], "ATC": [0.8412080439814815, 0.9074946952160494, 0.9300858410493827, "ATC"], "GLO": [0.28206307870370373, 0.1593359375, 0.04551311728395062, "GLO"], "COA": [0.5256915509259259, 0.6168180941358025, 0.8073104745370371, "COA"], "ETD": [0.11767746913580247, 0.09029706790123457, 0.025632716049382716, "ETD"], "LOF": [0.8284447337962964, 0.8609664351851852, 0.8979017168209876, "LOF"], "ETH": [0.8831958912037037, 0.8659312307098765, 0.7662548225308642, "ETH"], "ASQ": [0.1471903935185185, 0.03701533564814815, 0.04796440972222222, "ASQ"], "QTR": [0.19037229938271605, 0.07078221450617284, 0.1315798611111111, "QTR"], "ASA": [0.8231389853395061, 0.8231389853395061, 0.8231389853395061, "ASA"], "LNI": [0.4529214891975309, 0.06462191358024691, 0.07230034722222223, "LNI"], "AFR": [0.8615735918209877, 0.6584977816358024, 0.687863136574074, "AFR"], "AZA": [0.6346204668209876, 0.7384403935185185, 0.6656211419753086, "AZA"], "VRG": [0.6557788387345679, 0.6135942322530864, 0.24430025077160494, "VRG"], "JSX": [0.1823442322530864, 0.08580680941358025, 0.09867862654320987, "JSX"], "AUA": [0.975063175154321, 0.8665711805555556, 0.8707190393518518, "AUA"], "CLH": [0.7758039158950617, 0.6071865354938272, 0.07513261959876544, "CLH"], "LTU": [0.9379812885802469, 0.7564588155864198, 0.7761540316358024, "LTU"], "GTI": [0.2574816743827161, 0.43125337577160494, 0.5391806520061728, "GTI"], "JKK": [0.9908125964506173, 0.9006182484567902, 0.749912712191358, "JKK"], "JZA": [0.9733029513888889, 0.6419270833333334, 0.655260898919753, "JZA"], "IBE": [0.9187996720679013, 0.5829885223765432, 0.4213343942901235, "IBE"], "ELY": [0.7367578125, 0.7359558256172839, 0.7332373649691358, "ELY"],