{"JER": [49.2074637, -2.1952207], "EMA": [52.82937399999999, -1.332134], "GLO": [51.8937371, -2.1645021], "BEB": [57.4796444, -7.3644641], "GLA": [55.8690744, -4.4350529], "EOI": [59.19134279999999, -2.7697947], "PPW": [59.3514893, -2.9002908], "BRR": [57.02529449999999, -7.4494811], "BOH": [50.7778287, -1.8324369], "LWK": [60.1892842, -1.2465222], "EXT": [50.7346205, -3.4149805], "CAL": [55.4369379, -5.689542599999999], "ISC": [49.914238, -6.2948339], "CWL": [51.3985498, -3.3394574], "LSI": [59.8782916, -1.2939238], "ABZ": [57.20369789999999, -2.2001618], "ILY": [55.68194399999999, -6.256666999999999], "VLY": [53.2548889, -4.5350942], "PIK": [55.5089021, -4.6109806], "BHX": [52.45238209999999, -1.7435071], "NQY": [50.446424, -5.002059], "LYX": [50.9557337, 0.9335221], "IOM": [54.0865957, -4.633939799999999], "COL": [56.6021762, -6.6176524], "LBA": [53.86794339999999, -1.6615306], "HUY": [53.5803147, -0.3490059], "KOY": [58.95488999999999, -2.902601], "SOU": [50.9514562, -1.3577022], "SOY": [59.1554729, -2.6420589], "SEN": [51.8860181, 0.2388661], "LDY": [55.042778, -7.161111000000001], "WRY": [59.350454, -2.949909], "NWI": [52.6768962, 1.2809541], "OBN": [56.465653, -5.3976726], "DND": [56.452445, -3.024947], "GCI": [49.434081, -2.5994887], "TRE": [56.4994615, -6.8711233], "STN": [51.8860181, 0.2388661], "CSA": [51.4700223, -0.4542955], "BFS": [54.661781, -6.2162444], "LPL": [53.3375129, -2.8544274], "LHR": [51.4700223, -0.4542955], "BLK": [53.77225379999999, -3.0331444], "OXF": [51.833161, -1.31256], "LTN": [51.87626460000001, -0.3717471], "DSA": [53.4807451, -1.0109145], "NDY": [59.25031130000001, -2.5771848], "WIC": [58.45693110000001, -3.0932394], "NRL": [59.3672809, -2.4334664], "INV": [57.5422021, -4.0495858], "EDI": [55.950785, -3.3614532], "BRS": [51.38363039999999, -2.7135463], "BHD": [54.6176164, -5.871830399999999], "LCY": [51.5048437, 0.049518], "LEQ": [50.1022781, -5.6679702], "NCL": [55.03771520000001, -1.7022861], "MME": [54.5089088, -1.4286884], "SYY": [58.2163706, -6.3286557], "LGW": [51.1536621, -0.1820629], "MAN": [53.3588026, -2.2727303]}