{"ADJ": [31.9748491, 35.9832471], "AMM": [31.7202574, 35.994232], "AQJ": [29.6129256, 35.0197741]}