{"RKT": [25.6158559, 55.939385], "AZI": [24.428812, 54.4559301], "AUH": [24.441938, 54.6500736], "AAN": [24.2585152, 55.6194388], "DWC": [24.8977876, 55.1431018], "FJR": [25.109722, 56.33055599999999], "SHJ": [25.3284352, 55.5122577], "DXB": [25.2531745, 55.3656728]}